75410,Sportart
75419,Ballsport
75428,Basketball
76207,Atomenergie
76212,Atomkraftwerk
76223,Wiederaufarbeitung
76225,Atomlager
67869,Werbewirtschaft
67872,Werbeagentur
67873,Werbung
67886,Anzeigenwerbung
67889,Kinowerbung
67890,Schleichwerbung
67892,Sponsoring
67896,Werbeträger
68875,Chronologie
68877,Archäologie
68887,Geschichtsepoche
68889,Vor- und Frühgeschichte
68894,Frühgeschichtliche Hochkulturen
68908,Geschichte Altägyptens
68915,Hellenismus
65934,Unternehmensstruktur
65938,Unternehmensorganisation
67338,Speisefett und Speiseöl
67353,Süßware
68275,Sozialpolitik
68283,Gesetzliche Rentenversicherung
68287,Rente
68299,Rentenversicherungsträger
68313,Gesetzliche Pflegeversicherung
68317,Gesetzliche Arbeitslosenversicherung
68322,Gesetzliche Unfallversicherung
68324,Wohlfahrtspflege
65416,Pädagogischer Beruf
65419,Lehrer
65430,Familienerziehung
76235,Atomsicherheit
76238,Alternativenergie
75861,Verfahrenstechnik
75863,Maschine
75881,Rohstoff
75886,Edelstein
75891,Schmuckstein
75896,Erdgas
75897,Kohle
75904,Naturstoff
75908,Erz
75909,Steine und Erden
75912,Textilrohstoff
65943,Büroorganisation
65948,Werkschutz
65950,Unternehmensführung
65963,Managementmethode
65966,Missmanagement
65968,Unternehmenskultur
65979,Unternehmensgründung
65981,Unternehmensgröße
65990,Unternehmenszusammenschluss
66946,Farbenindustrie
66951,Gummiindustrie
66954,Pyrotechnische Industrie
66960,IT-Branche
66962,Druck- und Papierindustrie
66971,Elektroindustrie
66977,Unterhaltungselektronikindustrie
66978,Computerindustrie
66979,Energie- und Wasserwirtschaft
66980,Energiepolitik
66982,Atomenergiepolitik
66985,Energiewirtschaft
66992,Elektrizitätswirtschaft
65438,Kindergarten
65449,Pädagogik
65451,Erziehungstheorie
65458,Schulwesen
65459,Schulpolitik
65464,Schulorganisation
66358,Arbeitsmarktpolitik
66363,Arbeitsbeschaffung
66374,Gewerkschaft
66392,Gewerkschaftspolitik
66395,Gewerkschaftsstruktur
66402,Gewerkschaftsdachverband
66408,Gewerkschaftsbeziehungen
67368,Gemüse- und Obstprodukt
75443,Handball
75447,Hockey
75452,Tennis
75469,Volleyball
75477,Extremsport
75492,Kampfsport
76246,Solarenergie
76250,Windenergie
76251,Elektrische Energietechnik
76261,Brennstoffzelle
76262,Kraftwerk
67002,Atomenergiewirtschaft
67003,Solarenergiewirtschaft
67004,Windenergiewirtschaft
67913,Detektei
67924,Dienstleistung
67930,Kleingewerbe
67941,Produktqualität
67948,Produktbezeichnung
67955,Verbrauch
67959,Verbraucherschutz
68969,Zeitalter der Nationalstaatsbildung und des Kolonialismus
68977,1. Weltkrieg
68979,Zeitalter zwischen den Weltkriegen
68983,2. Weltkrieg
68989,Nachkriegsgeschichte
68990,Zeitalter Kalter Krieg
68995,Zeitalter nach Ende des Kalten Krieges
69000,Geschichte Deutschlands
69001,Geschichte Deutscher Bund
67402,Speziallebensmittel
67412,Getränk
67413,Alkoholfreies Getränk
67420,Alkoholisches Getränk
68337,Sozialarbeit
68343,Soziale Entschädigung
68346,Hilfsaktion
68355,Selbsthilfe
68358,Bevölkerung
68367,Bevölkerungsentwicklung
68377,Bevölkerungsstruktur
68380,Migrant
68383,Fremdenfeindlichkeit
68387,Ausländerintegration
76275,Wärmeenergie
76280,Kälteenergie
76284,Textiltechnik
76295,"Mess-, Steuer- und Regelungstechnik"
75922,Bergbau
75932,Kohlebergbau
75936,Steinkohlebergbau
75937,Braunkohlebergbau
75938,Salzbergbau
75940,Erzbergbau
75946,Hüttentechnik
69005,Geschichte Norddeutscher Bund
69007,Geschichte Deutsches Reich
69014,Geschichte Weimarer Republik
69016,Geschichte des nationalsozialistischen Staates
66003,Betriebsstilllegung
66004,Unternehmensform
66005,Privatunternehmen
66025,Genossenschaft
66026,Staatsunternehmen
66029,Unternehmensfinanzen
66042,Investition
66051,Betriebskapital
67005,Mineralölwirtschaft
67009,Gaswirtschaft
67015,Tankstelle
67016,Kohlepolitik
67019,Wasserwirtschaft
67031,Abwasserwirtschaft
65473,Lehrerbedarf
65478,Schulstufe
65486,Hauptschule
65487,Realschule
65488,Berufskolleg
65490,Gymnasium
65495,Privatschule
65498,Ganztagsschule
65501,Förderschule
65505,Konfessionelle Schule
65510,Spezialschule
65512,Internationale Schule
65515,Schulgelände
65517,Schulgebäude
65520,Schulleben
66413,Geldpolitik
66417,Zinspolitik
66421,Geld
66428,Zahlungsverkehr
66436,Bargeldlose Zahlung
66451,Kapitalanlage
66456,Sparen
75505,Budo
75511,Fechtsport
75516,Ringen
75520,Kraftsport
75524,Kugelspiel
75534,Golf
75536,Leichtathletik
76360,Funktechnik
76368,Mobilfunk
76371,Mobiles Endgerät
76374,Mobilfunknetz
67037,Fahrzeugindustrie
67039,Kfz-Industrie
67046,Bahnindustrie
67050,Schiffbauindustrie
67053,Luft- und Raumfahrtindustrie
67968,Verbraucherboykott
67970,Freizeit
67982,Freizeitgestaltung
67988,Abenteuer
67992,Sammeln
67999,Werken und Handarbeit
68008,Modellbau
68012,Wandern
68018,Spiel
68819,Altenpolitik
68820,Altenverband
68823,Altenarbeit
68826,Altenpflege
68829,Sterben
68831,Sterbebetreuung
68835,Sterbehilfe
66469,Zins
67433,Getränkeindustrie
67436,Brauindustrie
67438,Spirituosenindustrie
67455,Tabakindustrie
67457,Ledergewerbe und Pelzgewerbe
67466,Schmuckindustrie
67467,Spielwarenindustrie
67470,Textilindustrie
67475,Modewirtschaft
67476,Textilerzeugnis
67481,Pflegemittelindustrie
67484,Kosmetikindustrie
68393,Ethnie
76380,Leitungsgebundene Nachrichtentechnik
76386,Telefon
76397,Computertechnik
76401,Computernetz
76406,Hardware
76418,Software
68840,Eugenische Euthanasie
68841,Selbsttötung
68862,Historische Hilfswissenschaft
66065,Betriebliche Forschung
66066,Produktionswirtschaft
66078,Absatzwirtschaft
66086,Marketing
66097,Betriebliche Preispolitik
66101,Logistik
66110,Personalwirtschaft
67066,Gastgewerbe
67071,Gaststätte
65529,Schule und Gewalt
65550,Unterrichtsbetrieb
65555,Unterrichtsform
65562,Unterrichtsfach
66473,Verschuldung
66481,Kapitalmarkt
66491,Börse
66495,Wertpapierbörse
75571,Motorsport
75580,Formelrennsport
75589,Motorradsport
75596,Pferdesport
75613,Radsport
76441,Virtuelle Realität
76443,Multimedia
76447,Datenträger
76457,Gentechnologie
76467,Umwelt
76471,Umweltpolitik
67080,Restaurant
67089,Schnellgastronomie
67102,Cafe
67108,Nachtclub
67112,Hotel
68030,Elektronisches Spiel
68061,Dressur
68062,Freizeiteinrichtung
68068,Freizeitpark
68082,Erholungsgebiet
68088,Gesellschaft und Soziales
66524,Rentenmarkt
66529,Terminbörse
67495,Landwirtschaft
67502,Agrarpolitik
67507,Agrarverband
67511,Landwirtschaftsbetrieb
67519,Staatlicher Landwirtschaftsbetrieb
67523,Landwirtschaftlicher Beruf
67527,Alternative Landwirtschaft
67536,Agrarmarkt
67541,Landwirtschaftsschau
67543,Ackerbau und Pflanzenbau
68455,Binnenwanderung
68460,Auswanderung
68463,Aussiedler
68465,Einwanderung
68466,Arbeitsmigration
68472,Verbannung
76483,Umweltorganisation
76493,Umweltkonferenz
68923,Spätantike
68927,Mittelalter
68931,Frühmittelalter
68937,Hochmittelalter
68943,Kreuzzüge
68946,Spätmittelalter
68948,Neuzeit
68951,Zeitalter der Entdeckungen
68956,Zeitalter des Absolutismus
68961,Zeitalter Französische Revolution und Napoleon
68967,Zeitalter der Restauration und Revolution
66119,Personalabbau
66123,Personalbeschaffung
66129,Betriebliche Sozialpolitik
66131,Betriebliche Altersversorgung
66137,Betriebsverfassung
66146,Arbeit
66150,Selbstständige Erwerbstätigkeit
66156,Geringfügige Beschäftigung
66159,Heimarbeit
68475,Flucht
68480,Flüchtlingsbetreuung
68491,Raumordnung
68498,Stadt
68506,Städtebau
65587,Schulabschluss
65593,Hochschule
65610,Hochschulpolitik
65616,Hochschulorganisation
65623,Hochschulpersonal
65632,Hochschulzulassung
65638,Studium
66534,Währung
66541,Landeswährung
75629,Straßenradrennsport
75636,Rollsport
75643,Schachspiel
75654,Tanzsport
75673,Tiersport
75677,Turnen
76301,Messgerät
76311,Mikrotechnik
76313,Elektrotechnik
76314,Elektronik
76318,Unterhaltungselektronik
75146,Judentum
75166,Jüdische Mystik
75169,Islam
75182,Islamische Glaubensgemeinschaft
75185,Bahai
75186,Zoroastrismus
75187,Buddhismus
76010,Bauelement
76027,Bauzustand
66166,Unbezahlte Arbeit
66170,Zwangsarbeit
66172,Arbeitsverhältnis
67126,Ferienwohnung
67129,Jugendherberge
67131,Campingplatz
67145,Tourismuspolitik
67148,Tourismus-Infrastruktur
67151,Ferienort
67161,Tourismusorganisation
67166,Reisen
68091,Gesellschaftsordnung
68095,Herrschaft
68104,Sozialer Gegensatz
68108,Gesellschaftsform
68116,Soziale Gliederung
66560,Devisenmarkt
66565,Währungspolitik
66567,Währungssystem
66572,Währungsunion
66583,Bankgeschäft
66591,Notenbank
67548,Düngung
67551,Pflanzenschutz
67561,Ernte
67567,Gartenbau
67571,Garten
67576,Gartenschau
67579,Pflanzenbau
67583,Getreidebau
67603,Obstbau
76331,Bild- und Tonträger
76340,Rundfunkgerät
76343,Informationstechnologie
76356,Telekommunikationsnetz
75234,Sport
75235,Sportler
75240,Sportwissenschaft
75249,Doping
75260,Sport und Gewalt
68130,Gesellschaft und Individuum
68133,Personenkult
68142,Gesellschaftliche Interessen
68143,Stiftung
65238,Aspekt Ausstellung
65239,Aspekt Überblick
65242,Aspekt Vergleich
65243,Aspekt Geschlecht
65250,Aspekt Geschichte
65251,Aspekt Reform
65252,Aspekt Kuriosität
65253,Aspekt Allgemeines
65254,Aspekt Stellungnahme
65257,Aspekt Affäre
65258,Aspekt Auszeichnung
65261,Aspekt Recht
65265,Aspekt Veranstaltung
65273,Aspekt Wissenschaft
65277,Aspekt Experte
65278,Biographie
65282,Lebensabschnitt
65290,Persönlichkeit
66175,Arbeitsvertrag
66191,Tarifpolitik
68515,Stadtteil
68517,Stadtkern
68522,Wohngebiet
68525,Vorort
68528,Geschlechter
68538,Frau
68549,Frauenemanzipation
68554,Frauenorganisation
68555,Frauenpolitik
68564,Mann
65658,Hochschulabschluss
65669,Studentenschaft
65681,Student und Politik
65686,Erwachsenenbildung
75682,Gymnastik
75687,Wassersport
75694,Bootsport
75704,Motorbootsport
75707,Rudersport
75713,Schwimmsport
75725,Wasserspringen
75730,Eissport
66197,Schlichtung
66201,Streik
66212,Lohn und Gehalt
66229,Lohnpolitik
66231,Lohnhöhe
67196,Gesundheitstourismus
67200,Bildungstourismus
67204,Tourismusgewerbe
67209,Reisebuchung
67215,Informationswirtschaft
67220,Informationsvermittlung
67225,Digitale Wirtschaft
67226,Internetunternehmen
67230,Internethandel
67235,Konsumgüterindustrie
67236,Möbelindustrie
67239,Lebensmittelwirtschaft
68152,Interessenorganisation
68158,Verein
65693,2. Bildungsweg
65699,Volkshochschule
65700,Altenbildung
66599,Kreditinstitut
66612,Bausparkasse
66615,Öffentliche Finanzen
66617,Öffentlicher Haushalt
66621,Haushaltspolitik
66627,Haushaltsbilanz
66630,Staatsverschuldung
66636,Staatseinnahme
66637,Steuer
66644,Steuerschuld
75736,Eishockey
76432,Programmierung
76046,Baustelle
68165,Interessenverband
68166,Vetternwirtschaft
68168,Gewalt
68172,Gesellschaftliches Bewusstsein
68180,Gesellschaftliche Werte
68195,Rassismus
68199,Antisemitismus
68205,Ideologie
68206,Soziale Lage
68207,Einkommensverteilung
68210,Lebensstandard
65319,Persönliche Fähigkeit
65323,Persönliches Verhalten
65330,Fehlverhalten
65334,Persönliche Vermögensverhältnisse
65345,Persönlicher Konflikt
66235,Lohnfortzahlung
75264,Sport und Gesellschaft
75274,Jugendsport
75279,Behindertensport
75287,Sportorganisation
75300,Sport und Wirtschaft
75308,Sportwerbung
75312,Sportwettkampf
76087,Öffentliches Gebäude
76096,Verkehrsbau
76101,Straßenbau
76111,Wasserbau
76122,Kanalisationsbau
76123,Fahrzeugtechnik
76129,Fahrzeugantrieb
75742,Eislaufen
75750,Schlittensport
75757,Skisport
75763,Ski Alpin
76060,Gebäudeschutz
76063,Bauwerk
76080,Wirtschaftsgebäude
66254,Unregelmäßige Arbeitszeit
66262,Teilzeitarbeit
66267,Arbeitsruhe
66270,Urlaubsanspruch
66277,Arbeitsfehlzeit
66282,Arbeitsorganisation
66286,Arbeitsplatz
67246,Lebensmittelbestandteil
67256,Lebensmittelqualität
67262,Lebensmittel
67274,Fleischwirtschaft
67279,Fisch und Meeresfrüchte
67284,Fischverarbeitende Industrie
67292,Eier und Eiererzeugnis
76134,Fahrzeugmotor
76144,Fahrzeugteil
75772,Ski Nordisch
75774,Biathlon
75775,Skilanglauf
75781,Leistungssport
75796,Sportanlage
75961,Mineralölförderung
75976,Bautechnik
75983,Baustoff
76001,Bauweise
67295,Milch und Milchprodukt
68213,Armut
68216,Reichtum
68228,Privathaushalt
68235,Soziale Notlage
68239,Obdachlosigkeit
68244,Soziale Lage sozialer Gruppen
68245,Soziale Lage der Arbeiter
68246,Soziale Lage der Kinder und Jugendlichen
68254,Kinder- und Jugenderwerbstätigkeit
68256,Kinder- und Jugendverwahrlosung
68262,Soziale Lage der Behinderten
65354,Privatleben
65357,Persönliches Schicksal
65362,Physiognomie
65368,Schönheit
65375,Bildung
65386,Lernen
75329,Olympische Spiele
75349,Weltspiele
75355,Spielklasse
75364,Wettkampfverlauf
76157,Fahrzeugführung
76163,Navigation
76174,Chemietechnik
76180,Kunststofftechnologie
75191,Jainismus
75192,Hinduismus
75195,Sikhismus
75196,Chinesischer Universismus
75200,Shintoismus
75201,Stammesreligion
75204,Sekte
65407,Erziehung
66298,Arbeitsschutz
66301,Arbeitsklima
66314,Arbeitspsychologie
66327,Arbeitsmarkt
66333,Gruppenspezifischer Arbeitsmarkt
66340,Lehrstellenmarkt
67307,Molkereiwirtschaft
67326,Getreideerzeugnis
76194,Energiequelle
76196,Brennstoff
75803,Technik
75808,Normierung
75814,Maße und Gewichte
75817,Technischer Fortschritt
75823,Erfindung
75825,Technologietransfer
75826,Technologiepark
75828,Technik und Gesellschaft
75833,Technische Sicherheit
75844,Produktionstechnik
75848,Industrielle Fertigung
75851,Automatisierung
65908,Wirtschaftssanktion
65920,Zoll
65925,Weltwirtschaft
66905,Miete
66912,Mietwohnung
66913,Beratungsgewerbe
66920,Bergbauwirtschaft
66925,Steinkohlewirtschaft
66929,Baustoffindustrie
66931,Keramikindustrie
66940,Edelsteinindustrie
66942,Chemische Industrie
66943,Arzneimittelindustrie
66944,Biotechnologische Industrie
67850,Personenversicherung
67857,Lebensversicherung
67860,Private Krankenversicherung
67861,Haftpflichtversicherung
67863,Sachversicherung
67868,Kfz-Versicherung
76691,Abfalltransport
76695,Recycling
76704,Müllverbrennung
76708,Abfallwirtschaft
76734,Verkehrsplanung
76737,Verkehrsforschung
77320,Bionik
77323,Friedensforschung
77325,Kybernetik
77326,Zukunftsforschung
77329,Geisteswissenschaft
77340,Philosophie
77350,Philosophische Grundfrage
77353,Philosophische Schule
77366,Politikwissenschaft
77370,Volkskunde
77371,Ethnologie
77372,Wirtschaftswissenschaft
77376,Volkswirtschaftslehre
77377,Naturwissenschaft
77026,Seilbahn
77030,Schienennetz
77648,Gedächtnis
77652,Wahrnehmung
77663,Persönlichkeitspsychologie
77665,Persönlichkeitsdiagnostik
77674,Temperament
77680,Entwicklungspsychologie
77681,Sozialpsychologie
77684,Mathematik
77695,Grenzwissenschaften
76745,Verkehrslenkung
76751,Verkehrspsychologie
76763,Güterverkehr
76773,Gefahrguttransport
76774,Verkehrssicherheit
76779,Führerschein
76789,Verkehrstarif
77380,Astronomie
77386,Klassische Astronomie
77392,Kosmologie
77400,Sonnensystem
77406,Erde
77418,Planeten des Sonnensystems
77427,Sonne
77431,Himmelskörper
77511,Angewandte Chemie
77515,Physik
77523,Mechanik
77039,Eisenbahngüterverkehr
77040,Wasserverkehr
77042,Schifffahrtspolitik
77043,Schifffahrtsbehörde
77044,Handelsschifffahrt
77050,Frachtschifffahrt
77055,Schifffahrtsregelung
77703,Parapsychologie
77709,Astrologie
77719,Naturkatastrophe
77725,Dürre
77726,Hochwasser
77734,Erdbeben
77742,Vulkanausbruch
77747,Lawine
76804,Verkehrserziehung
76807,Öffentlicher Personennahverkehr
66749,Handwerk
66754,Industrie
66760,Handel
67667,Teeanbau
67670,Grünlandwirtschaft
67680,Forstwirtschaft
67684,Waldnutzung
67694,Jagd
67700,Viehwirtschaft
67703,Tierhaltung
67720,Futtermittel
68632,Nichteheliche Lebensgemeinschaft
68638,Familienpolitik
68649,Familienplanung
68655,Empfängnisverhütung
77062,Schiffssicherheit
77068,Schiffsbetrieb
77075,Schiff
77087,Fahrgastschiff
67839,Versicherungswirtschaft
67843,Privatversicherung
68758,Jugendverhalten
68762,Jugendkultur
68773,Jugendhilfe
68778,Jugendfürsorge
68787,Betreuung misshandelter Jugendlicher
68792,Jugendpflege
65880,Außenwirtschaft
65891,Außenwirtschaftspolitik
65896,Wirtschaftskooperation
76857,Verkehrsverstoß
66656,Steuerflucht
66658,Steueraufkommen
66662,Steuerverteilung
66667,Besitzsteuer
66671,Lohnsteuer
66673,Körperschaftsteuer
66675,Vermögensteuer
66678,Grundsteuer
66679,Erbschaftsteuer
66683,Verkehrsteuer
66687,Mehrwertsteuer
66690,Verbrauchsteuer
66696,Öko-Steuer
66697,Unternehmensteuer
66698,Steuerpolitik
76869,Kraftfahrzeug
76875,Kraftrad
76883,Straße
76901,Autobahn
76908,Tunnel
76909,Weg
77534,Thermodynamik
77536,Elektrodynamik
77546,Optik
77550,Quantentheorie
77553,Relativitätstheorie
77556,Atomphysik
77102,Spezialschiff
77118,Hafen
77126,Seeschifffahrt
77129,Binnenschifffahrt
77130,Freizeitschifffahrt
77132,Luftfahrt
77140,Luftverkehrspolitik
68660,Abtreibung
68663,Adoption
68683,Vater
65762,Marktmacht
65771,Staatliche Wettbewerbspolitik
65776,Marktforschung
65778,Preis
65799,Staatliche Investitionspolitik
65806,Subventionspolitik
65810,Privatisierung
66770,Einzelhandel
77755,Unfall
77760,Explosion
77762,Implosion
77763,Brand
77774,Brandbekämpfung
77776,Brandschutz
77782,Ölunfall
77787,Atomkraftwerksunfall
77788,Waffenunfall
77789,Bauwerksunfall
77792,Grubenunfall
66783,Öffnungszeit
66794,Einkaufszentrum
66797,Fachhandel
66808,Kiosk
66810,Kaufhaus
66818,Duty-Free-Handel
66824,Konsumgenossenschaft
66825,Leasing
66827,Schwarzhandel
67728,Viehtransport
67729,Schlachtung
67748,Maschinenbauindustrie
67752,Metallindustrie
67761,Stahlindustrie
67762,Post
67765,Postbetrieb
67771,Postdienste
76931,Stadtverkehr
76942,Anliegerverkehr
76945,Individuelle Personenbeförderung
76962,Schienenverkehr
76964,Eisenbahnpolitik
76965,Eisenbahngesellschaft
76970,Bahnbetrieb
77579,Festkörperphysik
77584,Psychologie
77599,Selbstbewusstsein
76505,Umweltbewusstsein
76518,Umweltschadstoff
76522,Umweltschutz
76529,Klimabelastung
76534,Klimaschutz
76543,Luftbelastung
76544,Saurer Regen
76545,Smog
76553,Luftreinhaltung
76561,Landschaftsbelastung
77144,Fluggesellschaft
77146,Bodenpersonal
77150,Flugpersonal
77156,Flughafen
77164,Flugplatz
77178,Flugzeug
66706,Abgabe
67606,Obst und Nüsse
67631,Gemüse
67656,Weinbau
67665,Kaffeeanbau
68582,Sexuelle Orientierung
68586,Homosexualität
68589,Prostitution
68594,Pornographie
68599,Lebensgemeinschaft
68605,Alleinstehender
68610,Ehe
77604,Gefühlsleben
77625,Psyche
77195,Luftraum
77794,Höhlenunfall
77796,Arbeitsunfall
77799,Hausunfall
77802,Freizeitunfall
77805,Kinderunfall
77808,Sportunfall
77809,Tierunfall
77813,Verkehrsunfall
77820,Bahnunfall
77835,Raumfahrtunfall
77836,Unfallschutz
77838,Rettungswesen
77841,Rettungsaktion
68710,Lebensalter
68715,Kindheit
68719,Säugling
68726,Kind
68750,Jugendpolitik
65821,Kriegswirtschaft
65826,Wirtschaftsverband
65841,Wirtschaftsstruktur und Wirtschaftsentwicklung
65842,Wirtschaftsstandort
65845,Wirtschaftsstruktur
65850,Mittelstand
65853,Regionale Wirtschaftsstruktur
65857,Schattenwirtschaft
65858,Wirtschaftslage
65867,Konjunktur
76563,Landschaftsschutz
76576,Bodenbelastung
76582,Bodenschutz
76586,Wasserbelastung
76597,Wasserschutz
76618,Lärmschutz
77206,Fluggastabfertigung
77210,Linienflugverkehr
77211,Charterflugverkehr
77213,Luftfahrtmedizin
77223,Raumfahrtpolitik
76809,Verkehrsbetrieb
76813,Nahverkehrsstreckennetz
76823,Straßenverkehr
76827,Straßenverkehrspolitik
76835,Straßenverkehrsverband
76840,Verkehrsregelung
76848,Verkehrsgeschwindigkeit
76853,Verkehrskontrolle
77440,Galaxie
77490,Chemische Verbindung
77226,Raumfahrtbehörde
77231,Raumfahrteinrichtung
77238,Astronaut
77242,Raumflugkörper
77248,Raumfahrzeug
77256,Satellit
77852,Hilfsorganisation
77868,Rettungshelfer
77871,Feuerwehr
77887,Zivilschutz
77893,Katastrophenschutz
68629,Ehescheidung
65704,Kirchliche Erwachsenenbildung
65713,Berufliches Schulwesen
65725,Betriebliche Berufsausbildung
65731,Berufsvorbereitung
65736,Berufsabschluss
65743,Wirtschaftsordnung und Wirtschaftspolitik
65744,Wirtschaftsordnung
65746,Marktwirtschaft
65755,Markt
66712,Gebühr
66716,Staatsausgabe
66717,Staatliche Verschwendung
66719,Staatsvermögen
66725,Finanzverwaltung
66745,Wirtschaftssektor
76975,Bahnhof
76978,Betriebsbahnhof
76982,Eisenbahnsicherheit
76988,Bahnreiseservice
76993,Bahnfahrzeug
76994,Schienenbahn
77003,Eisenbahn
76625,Strahlenbelastung
76634,Elektrosmog
76635,Strahlenschutz
76641,Abfall
76662,Sonderabfall
76663,Altlasten
76667,Abfallpolitik
76671,Abfallentsorgung
77264,Verkehrstechnik
65873,Wirtschaftsgutachten
66828,Handelsberuf
66833,Messewirtschaft
66836,Messe
66844,Weltausstellung
66847,Vermietung
66849,Wirtschaftsbranche
66860,Bau- und Wohnungspolitik
66871,Bauberuf
66875,Immobilienmarkt
66883,Immobilienverwaltung
66886,Gewerbeimmobilie
67792,Postgebühr
67795,Briefmarke
67798,Reinigungsgewerbe
67802,Telekommunikationswirtschaft
67808,Telekommunikationsunternehmen
67815,Telefongebühr
67829,Verpackung
77274,Wissenschaft und Forschung
77279,Wissenschaftslehre
77286,Wissenschaftspolitik
77297,Wissenschaftliches Institut
77299,Nobelpreis
72205,Anzeige
72211,Presseteil
72218,Zeitschrift
72225,Pressewirtschaft
73099,Reptil
73105,Säugetier
73109,Affe
73113,Huftier
73124,Nagetier
73129,Raubtier
73138,Robbe
73988,Beamtenbesoldung
73989,Beamtenversorgung
73991,Öffentliche Sicherheit und Ordnung
73497,Nation
73500,Nationalbewusstsein
73507,Staatssymbol
73513,Staatliche Auszeichnung
73519,Staatszeremoniell
73522,Staatsform
73527,Demokratischer Staat
74403,Internationaler Konflikt
74409,Kolonialismus
74415,Auslandsbild
74417,Streitkräfte
74428,Heer
74433,Luftwaffe
74436,Marine
74441,Eingreiftruppe
74444,Stationierungsstreitkräfte
71002,Haartracht
71004,Körperschmuck
71012,Umgangsformen
71024,Wohnen
71028,Wohnform
71031,Wohnungseinrichtung
71041,Brauchtum
71448,Hormondrüsen
71453,Verdauungssystem
71468,Gebiss
71472,Nervensystem
71475,Gehirn
71478,Sinnesorgan
71485,Ohr
71499,Haar
73998,Kriminalitätsbekämpfung
74009,Meldewesen
74015,Polizei
74020,Polizeibehörde
74027,Polizeiberuf
74846,Jüdische Erziehung
74850,Freireligiöse Erziehung
74870,Religiöses Symbol
74877,Religiosität
74881,Religiöse Stätte
74884,Gotteshaus
74888,Kirche
72590,Programmpräsentation
72598,Programmvergleich
72601,Programmbeurteilung
72631,Spartenkanal
71780,Körpertherapie
71792,Psychiatrie
71797,Sucht und Abhängigkeit
71802,Alkoholismus
71808,Nikotinsucht
71815,Drogensucht
71823,Droge
70547,Dramaturgie
70555,Spielstätte
70559,Theaterform
70571,Figurentheater
70578,Variete
70583,Zauberei
70585,Filmkunst
70589,Film und Politik
70594,Filmförderung
72234,Presserecht
72236,Rundfunk
72243,Rundfunkrecht
72250,Rundfunkstaatsvertrag
72255,Rundfunkpolitik
72258,Rundfunkaufsicht
72278,Rundfunkordnung
72287,Lokalrundfunk
73141,Wal
73143,Vogel
73178,Botanik
73181,Botanischer Garten
73550,Einheitsstaat
73551,Bundesstaat
73555,Teilstaat
73563,Staatenbund
73577,Staatsoberhaupt
73596,Regierungschef
70597,Filmpreis
70599,Filmveranstaltung
70603,Filmwirtschaft
71044,Festkultur
71057,Einweihung
71062,Volksfest
71070,Hochzeitsbrauch
71082,Karneval
71094,Totenbrauch
71505,Körper
71514,Körperliche Leistungsfähigkeit
71519,Krankheit
74048,Internationale Polizei
74051,Kriminalpolizei
74056,Politische Polizei
74062,Kriminaltechnik
74079,Polizeiliches Fehlverhalten
74080,Polizeiliche Strafverfolgung
74085,Polizeiausrüstung
74092,Staatsschutz
74105,Militärischer Nachrichtendienst
72656,Fensterprogramm
72660,Programmplatz
72671,3. Fernsehprogramm
71532,Symptom
71542,Schmerz
71545,Körperliche Verletzung
71900,Ernährungslehre
71902,Nährstoff
71918,Alternative Ernährung
71928,Tierseuche
71934,BSE
71936,Medien
71944,Kommunikationswissenschaft
71947,Medienwissenschaft
71951,Publikumsforschung
70607,Kino
70614,Filmberuf
70621,Filmproduktion
74947,Religionsunterdrückung
74950,Fundamentalismus
74951,Islamischer Extremismus
74952,Religion und Gesellschaft
74959,Religiöse Ethik
72296,Auslandsrundfunk
72299,Alternativer Rundfunk
72312,Kirchensender
72317,Militärsender
72320,Sonderformen des Rundfunks
73205,Baum
73213,Mikrobiologie
73221,Geowissenschaft
72681,Hörfunkwelle
73603,Staatskanzlei
73607,Ministerium
70641,Film
71107,Grabstätte
71114,Magischer Brauch
71123,Mantik
71130,Tierkampf
71134,Kitsch
71137,Witz
71138,Gesundheitswesen und Medizin
71140,Gesundheitswesen
71144,Gesundheitsdienst
71155,Präventivmedizin
71162,Gesundheitsvorsorge
73227,Geodynamik
73240,Geophysik
73245,Geodäsie
73248,Gewässerkunde
73255,Gewässer
74107,Spionage
74112,Politische Unterdrückung
74116,Zensur
74122,Folter
74124,Internierungslager
74128,Staatsnotstand
74137,Öffentliche Meinung
74141,Demoskopie
74143,Politisches Bewusstsein
74154,Politische Beteiligung
74158,Lobbyismus
74160,Protest und Widerstand
74964,Missionierung
75000,Christliche Theologie
72730,Programmveranstaltung
73671,Opposition
73672,Regierungsablösung
71561,Infektionskrankheit
71727,Klinische Psychologie und Psychiatrie
71730,Psychische Störung
71738,Angststörung
71746,Psychosomatische Störung
71747,Essstörung
71750,Stress
71758,Psychotische Störung
71764,Beratende Psychologie
75006,Christliche Kirche
75018,Kirchengeschichte
75037,Geistliches Amt
72354,Rundfunkbeitrag
72363,Bezahlrundfunk
72371,Rundfunkwerbung
72375,Werbeform
72390,Rundfunkanstalt
73264,Fluss
73266,Ozeanographie
71962,Medienpublikum
71965,Mediennutzung
71967,Medienwirkung
71968,Medienrecht
71969,Medienfreiheit
71976,Jugendmedienschutz
71977,Medien und Politik
71980,Medienpolitik
71982,Medienordnung
71983,Medien und Wirtschaft
71984,Medienwirtschaft
71987,Showgeschäft
71988,Medienunternehmen
72795,Musiksendung
72796,Natursendung
72798,Umweltsendung
72799,Politische Sendung
72805,Religiöse Sendung
72809,Sportsendung
72810,Techniksendung
72823,Comedysendung
72825,Quizsendung
72836,Wetterbericht
72837,Erotiksendung
72838,Serie
70680,Fotokunst
70686,Fotoausstellung
70687,Fotografie
70715,Musik
70722,Musikalisches Werk
70725,Musikbetrieb
71169,Ärztliche Versorgung
71175,Arzt und Patient
71179,Medizinische Einrichtung
73283,Gletscherkunde
73291,Landeskunde
73293,Kartographie
73307,Physische Geographie
73312,Landschaft
73317,Gebirge
74168,Protest- und Widerstandsbewegung
74175,Boykott
74176,Demonstration
74181,Regimekritiker
74182,Subversion
74185,Terrorismus
74191,Terroraktion
74199,Terrorismusbekämpfung
74200,Unruhen
74205,Revolution
74214,Kommunale Verwaltungseinheit
72889,Rundfunknutzung
72897,Nutzungsdauer
72903,Internet
72906,Internetnutzung
73816,Partei
73825,Parteisystem
73828,Parteirichtung
73836,Parteipolitik
73842,Parteiprogramm
73846,Parteibeziehungen
73850,Parteiorganisation
73861,Parteiführung
74663,Kriegsfolgen
74666,Kriegsopfer
74675,Zivilbevölkerung im Krieg
74679,Kriegsgefangener
74683,Kriegsschaden
71185,Krankenhaus
71192,Fachkrankenhaus
71195,Krankenhausstation
71198,Beruf des Gesundheitswesens
71840,Suchttherapie
71845,Pharmazie
71847,Pharmazeutische Forschung
71864,Arzneimittelverwendung
75091,Papst
75100,Bistum
75104,Evangelische Kirche
75131,Christliche Orden und Kongregationen
73677,Staatsstreich
74489,Wehrdienstverweigerung
74492,Zivildienst
74504,Wehrdisziplin
74508,Fahnenflucht
74510,Armeeform
74517,Militärische Selbstdarstellung
74534,Waffenhandel
74540,Waffe
71874,Alternative Medizin
71883,Homöopathie
71884,Pflanzenheilkunde
71887,Traditionelle asiatische Medizin
71897,Paramedizin
70731,Musikerziehung
70733,Musikpreis
70735,Musikveranstaltung
70745,Musikfestival
70747,Musikpublikum
70751,Musiker
70760,Musikgruppe
73325,Höhle
73330,Steppe
73335,Wüste
73343,Waldschaden
73353,Küste
73361,Insel
73383,Wind
74225,Kommunalverwaltung
74232,Kommunale Verwaltungsspitze
74243,Kommunalfinanzen
74253,Landespolitik
73753,Abgeordnetenmandat
73758,Wahl
73774,Wahlsystem
73795,Wahlkampf
73808,Wahlergebnis
74605,Militäreinrichtung
74609,Militärstützpunkt
74611,Kaserne
74616,Krieg
71220,Pflegepersonal
71254,Medizintechnik
71256,Heil- und Ersatzmittel
74256,Außenpolitik
74266,Außenpolitische Beziehungen
74975,Christentum
74977,Christliche Lehre
74983,Bibel
74992,Konfession
72483,Rundfunkstudio
74691,Besatzung
74695,Besatzungsgebiet
74697,Kriegsvorbereitung
74711,Friedenspolitik
74716,Friedenstruppe
74717,Friedensverhandlungen
74719,Friedensvertrag
72061,Berichterstattungsform
72075,Unwahre Berichterstattung
72078,Redaktion
72092,Medienpädagogik
72095,Medienveranstaltung
72915,Website
72920,Rundfunk im Internet
72923,Internetsendung
70272,Sprachfamilie
70276,Schrift
70288,Übersetzen
70297,Namenforschung
70781,Blasinstrument
70790,Saiteninstrument
70799,Tasteninstrument
70816,Klassische Musik
70817,Instrumentalmusik
70819,Orchestermusik
70828,Singstimme
70837,Sologesang
70839,Chormusik
72495,Rundfunkklangkörper
72499,Rundfunkarchitektur
72512,Rundfunkaufnahmetechnik
72525,Digitaler Rundfunk
72528,Kabelrundfunk
73391,Niederschlag
73399,Gewitter
73402,Klima
73416,Politik
73427,Staatsverfassung
73444,Vereinigung von Staaten
72735,Rundfunksendung
72737,Nachrichtensendung
72738,Bildungssendung
72743,Wissenschaftssendung
72744,Geschichtssendung
72748,Fernsehfilm
72753,Fernsehkrimi
72777,Juristische Sendung
72792,Lotteriesendung
70841,Lied
71263,Diagnostik
71279,Labordiagnostik
71289,Medizinische Maßnahme
71295,Transfusion
71299,Chirurgie
71304,Operation
71307,Organtransplantation
71312,Plastische Chirurgie
71317,Fortpflanzungsmedizin
72966,Biologisches Leben
72980,Fortpflanzung
72997,Genetik
73008,Humangenetik
73011,Evolution
73014,Paläontologie
73870,Parteijugend
73880,Parteipersonal
73890,Parteitag
73898,Parteientwicklung
73903,Politische Theorie
73904,Extremismus
73909,Liberalismus
73910,Konservativismus
73911,Faschismus
73914,Sozialdemokratie
73916,Marxismus
74313,Bilaterale Beziehungen
74325,Politischer Besuch
75051,Zölibat
75052,Laienbewegung
75061,Kirchliches Amt
75069,Kirche als Arbeitgeber
75072,Kirchenzucht
75079,Kirchenrecht
74647,Psychologische Kriegsführung
74653,Kriegsende
74660,Kriegsschauplatz
71996,Medienberuf
72006,Journalist
72017,Medienkonzentration
72022,Medien und Gesellschaft
72028,Medien und Gewalt
72030,Medien und Kultur
72033,Journalismus
72854,Sendeform
70309,Literaturwissenschaft
70318,Literaturbetrieb
70326,Schriftsteller
70333,Schriftstellerkreis
70350,Literaturveranstaltung
70359,Buchmarkt
70361,Buchverlag
70848,Religiöse Musik
70852,Neue Musik
70857,Oper
70861,Operette
70862,Singspiel
70864,Populäre Musik
73923,Sozialismus
73924,Kommunismus
73925,Antikommunismus
73927,Politische Landschaft
73928,Politische Linke
73929,Linksextremismus
74721,Pazifismus
74736,Religionsphänomen
74752,Gottheit
74765,Teufel
74768,Jenseits
72110,Medienpreis
72150,Presse
75086,Katholische Kirche
72535,Satellitenrundfunk
72539,Frequenz
72547,Rundfunkübertragung
72559,Rundfunkempfang
72565,Videotext
72566,Rundfunkprogramm
72583,Programmauftrag
73446,Unabhängigkeitsbestrebung
73449,Staatsgrenze
73452,Grenzsicherung
74448,Militärkommando
74454,Militärische Logistik
74457,Sanitätswesen
74459,Soldat
74471,Militärischer Dienstgrad
74476,Soldatenbesoldung
74480,Wehrdienst
74486,Wehrpflicht
70896,Außereuropäische Traditionsmusik
70899,Tanz
71321,Arzneimitteltherapie
71323,Strahlentherapie
71324,Intensivmedizin
73021,Anthropologie
73032,Verhaltensforschung
73039,Artenschutz
73052,Zoologie
73053,Zoologischer Garten
73056,Tier
73058,Wirbelloses Tier
73932,Rechtsextremismus
73935,Politiker
73938,Öffentliche Verwaltung
73940,Verwaltungsorganisation
73466,Grenzkonflikt
73469,Grenzverkehr
73473,Staatsangehörigkeit
74332,Zwischenstaatliche Anerkennung
74336,Internationale Organisation
74344,Mitgliedschaft in einer Internationalen Organisation
74347,Grenzüberschreitende regionale Zusammenarbeit
74348,Städtepartnerschaft
74349,Sicherheitspolitik
74357,Militärische Kooperation
74368,Rüstungspolitik
74372,Rüstungskontrollpolitik
74381,Entmilitarisierung
74384,Rüstungskontrollvertrag
73737,Untersuchungsausschuss
73738,Parlamentarischer Vermittlungsausschuss
73740,Parlamentskommission
73743,Abgeordneter
74548,Schusswaffe
74553,Panzer
74559,Militärflugzeug
74563,Militärischer Flugkörper
74574,A-B-C-Waffe
74576,Atomwaffe
74584,Atomtest
74587,Biologische Waffe
74588,Chemische Waffe
74591,Weltraumwaffe
74593,Munition
74602,Militärausrüstung
70363,Buchhandel
70374,Buchmesse
70375,Buchclub
70377,Buch
70385,Buchherstellung
70389,Buchkunst
70391,Buchpflege
70400,Publikationsform
70420,Literaturgattung
73962,Verwaltungsgliederung
73966,Verwaltung des Zentralstaats
73973,Verwaltungshandeln
73983,Beamtentum
74795,Religiöser Kult
74800,Religiöse Feier
74819,Religiöses Opfer
74822,Gebet
74825,Religiöse Vorschrift
74831,Sünde
74837,Religiöse Erziehung
74838,Christliche Erziehung
73483,Ausländerpolitik
73488,Flüchtlingspolitik
73490,Asylpolitik
71677,Stoffwechselkrankheit
71680,Krankheit des Harnapparats
71703,Augenkrankheit
71711,Ohrkrankheit
70504,Fabelwesen
70514,Theater
70518,Theaterbetrieb
70527,Theaterveranstaltung
70531,Theaterpreis
70532,Theatergruppe
70533,Theaterberuf
70541,Theateraufführung
70960,Kochen
70971,Esskultur
70974,Mode
70980,Kleidung
71382,Immunsystem
71387,Blut
71395,Herz
71406,Kehlkopf und Stimmbildung
71417,Sexualfunktion
71426,Männliches Geschlechtsorgan
71430,Weibliches Geschlechtsorgan
71436,Schwangerschaft
71440,Geburt
71664,Atemwegserkrankung
71675,Sprachstörung
76502,Umweltzeichen
70908,Bühnentanz
70910,Ballett
70916,Tanztheater
70906,Tanzfestival
70907,Tanzpreis
70917,Volkstanz
70920,Religiöser Tanz
71325,Gentherapie
71326,Ergotherapie
71327,Logopädie
71328,Physiotherapie
71339,Zahnmedizin
71343,Zahnkrankheit
71346,Dentaltechnik
71351,Haltungs- und Bewegungsapparat
71357,Kopf
71358,Hals
71363,Extremität
71373,Brust
71376,Bauch
71377,Becken
71379,Gewebe
71603,Krebs
71614,Behinderung
71626,Immunkrankheit
71635,Organkrankheit
71636,Krankheit des Haltungs- und Bewegungsapparates
71650,Blutkrankheit
70428,Dramatik
70449,Märchen
70450,Sachliteratur
70468,Literarisches Werk
70921,Zirkus
70935,Lebensweise
70947,Alternative Lebensform
70949,Essen und Trinken
98425,Wasserstoffwirtschaft
70250,Rechtschreibung
70252,Einzelsprache
69029,Geschichte des geteilten Deutschlands
69041,Geschichte der DDR
69352,Steuerrecht
69357,Wirtschaftsrecht
69359,Außenwirtschaftsrecht
69362,Energiewirtschaftsrecht
69366,Landwirtschaftsrecht
69371,Lebensmittelrecht
69373,Arbeitsrecht
69382,Arbeitsschutzrecht
69388,Arbeitskampfrecht
69132,Wohnungseigentumsrecht
69136,Besitzrecht
69137,Ehe- und Familienrecht
69158,Nichtehelichenrecht
69571,Staatsgefährdung
69581,Verfassungsdelikt
69586,Wahldelikt
69590,Widerstand gegen die Staatsgewalt
69592,Straftat gegen die öffentliche Ordnung
69602,Fälschungsdelikt
70011,Kunstwerk
70013,Kunst und Politik
70017,Kunstbetrieb
70022,Kunstförderung
70025,Kunstpreis
70030,Kunstpublikum
70034,Künstler
70039,Künstlergruppe
69160,Erbrecht
69163,Handelsrecht
69171,Gesellschaftsrecht
69180,Immaterialgüterrecht
69183,Urheberrecht
69196,Urheberrechtsverletzung
69616,Straftat gegen Religion und Weltanschauung
69620,Straftat gegen Ehe und Familie
69627,Straftat gegen die persönliche Freiheit
69637,Menschenraub
69647,Sexualstraftat
69610,Straftat wegen falscher Angaben
69654,Sexueller Missbrauch
70068,Kunstmesse
70070,Ikonographie
70075,Religiöse Kunst
70078,Kunstgattung
70080,Malerei
70089,Grafik
69217,Insolvenzrecht
69218,Öffentliches Recht
69219,Staatsrecht
69225,Verfassungsgericht
69231,Grundrecht
69240,Notstandsrecht
69657,Sexueller Missbrauch von Kindern und Jugendlichen
69658,Straftat Prostitution
69667,Straftat gegen die persönliche Ehre
69672,Vermögensdelikt
69676,Sachbeschädigung
69679,Einbruch
69687,Raub
69695,Erpressung
69697,Begünstigung und Hehlerei
70095,Druckgrafik
70102,Mosaik
70103,Bildhauerei
70112,Installationskunst
70114,Objektkunst
70116,Aktionskunst
70119,Land Art
70121,Videokunst
70123,Computerkunst
70125,Künstlerische Gestaltung
70130,Kunsthandwerk
69251,Verwaltungsrecht
69254,Kommunalrecht
69255,Öffentliches Dienstrecht
69263,Ordnungsrecht
69267,Versammlungsrecht
69285,Asylrecht
69717,Korruption
69726,Computerkriminalität
69734,Wirtschaftsspionage
69737,Steuerstraftat
70139,Design
70140,Volkskunst
70141,Symbolik
70146,Archivwesen
70149,Archiv
70164,Bibliothekswesen
70169,Bibliothek
70174,Öffentliche Bibliothek
69287,Einwanderungsrecht
69300,Gewerberecht
69307,Gesundheitsrecht
69316,Arzneimittelrecht
69743,Drogenkriminalität
69746,Umweltkriminalität
69749,Organisierte Kriminalität
69762,Misshandlung von Schutzbefohlenen
69765,Tötungsdelikt
69768,Mord
69773,Totschlag
69776,Kriminologie
70178,Wissenschaftliche Bibliothek
70183,Dokumentationswesen
70186,Dokumenterschließung
70189,Bestandserhaltung
70203,Sprachwissenschaft
70212,Grammatik
70213,Wort
69397,Sozialversicherungsrecht
69404,Wehrrecht
69411,Waffenrecht
69415,Kriegswaffenrecht
69417,Umweltrecht
69422,Naturschutzrecht
69427,Wasserrecht
69434,Ordnungswidrigkeit
69833,Gerichtsverhandlung
69841,Beweisverfahren
69444,Strafrechtliche Ermittlung
69454,Strafe
69463,Haftstrafe
69469,Todesstrafe
69471,Straffreiheit
69478,Strafvollzug
69879,Rechtsmedizin
69885,Selbstjustiz
69049,Geschichte des vereinigten Deutschlands
69050,Geschichte von Teilstaaten
69052,Regionalgeschichte
69054,Historische Völker und Stämme
69072,Recht
69486,Justizvollzugsanstalt
69489,Justizvollzugspersonal
69496,Jugendstrafvollzug
69500,Maßregelvollzug
69503,Haftbedingungen
69508,Häftling
69519,Völkerrecht
69937,Auswärtige Kulturpolitik
69941,Kulturbetrieb
69950,Kulturpreis
69955,Kulturinstitution
69958,Kulturpflege
69959,Gedenken
69962,Gedenkjahr
69079,Rechtsordnung
69081,Rechtsquelle
69089,Rechtsverstoß
69091,Privatrecht
69096,Namensrecht
69099,Vertragsrecht
69105,Haftungsrecht
69111,Schuldrecht
69523,Kriegsvölkerrecht
69528,Menschenrechte
69537,Europarecht
69538,Kriminalität
69559,Schuld
72925,Internettechnik
72934,Medienvergleich
72939,Natur
72943,Naturschutz
72945,Naturschutzpolitik
72948,Naturschutzorganisation
72953,Naturschutzgebiet
69326,Hochschulrecht
69329,Kinder- und Jugendhilferecht
69330,Baurecht
69565,Verbrechensopfer
69963,Gedenkstätte
69975,Denkmalpflege
69977,Kulturerbe
69979,Museumswesen
69985,Museum
69119,Sachenrecht
69121,Eigentumsrecht
69341,Verkehrsrecht
69348,Finanzrecht
69350,Haushaltsrecht
69789,Justizverwaltung
69792,Rechtspflegeorgan
69809,Gericht
69817,Ordentliches Gericht
70222,Sprachgebrauch
70234,Sprachpflege
70246,Soziolekt
75481,Flugsport
75496,Boxsport
76843,Verkehrszeichen
66674,Gewerbesteuer
66689,Kfz-Steuer
67666,Kakaoanbau
65750,Planwirtschaft
67677,Blumenanbau
67689,Holzwirtschaft
70301,Kommunikation
70349,Literaturpreis
70891,Jazz
76395,Telefonieren
76495,Umwelt und Wirtschaft
68676,Mutter
66821,Gebrauchtwarenhandel
67735,Fischerei
67787,Frachtdienst
66851,Bauwirtschaft
66866,Sozialer Wohnungsbau
73472,Staatsvolk
75708,Segeln
76437,Künstliche Intelligenz
68813,Erwachsenenalter
65914,Internationale Handelsinstitution
68910,Griechische Antike
68996,Erdteilgeschichte
67044,Kfz-Handel
67056,Feinmechanische und optische Industrie
75163,Jüdische Gesetzesüberlieferung
75258,Sportsoziologie
76880,Fahrrad
73961,Ehrenamt
74784,Heiligenverehrung
72190,Zeitung
73086,Fisch
68015,Baden
68846,Geschichtsbewusstsein
67093,Kneipe
67109,Beherbergung
65263,Aspekt Statistik
72283,Öffentlich-rechtlicher Rundfunk
73169,Tierschutz
73184,Pflanze
74933,Religion und Politik
72335,Rundfunkwirtschaft
73222,Geologie
73236,Mineralogie
74150,Politische Bildung
67240,Lebensmittelherstellung
68202,Antirassismus
65337,Persönliche Beziehung
66288,Arbeitsleistung
71630,Fehlbildung
71654,Herz-Kreislauferkrankung
70435,Epik
70927,Zirkusleute
71685,Krankheit des Verdauungssystems
76928,Straßengüterverkehr
76948,Straßenverkehrsgebühr
68242,Bettelei
74478,Soldatenbetreuung
73665,Staatliche Informationspolitik
73680,Parlament
74524,Rüstung
72755,Hörspiel
72771,Gesprächssendung
74555,Kriegsschiff
72812,Unterhaltungssendung
77590,Bewusstsein
77720,Wetterkatastrophe
77111,Wasserstraße
68277,Sozialversicherung
68303,Gesetzliche Krankenversicherung
68318,Arbeitslosenversicherungsleistung
65432,Kinderbetreuung
66367,Arbeitsvermittlung
66442,Vermögen
66459,Kredit
75025,Kirchenorganisation
72387,Werbezeit
73287,Geographie
73302,Anthropogeographie
74208,Kommunalpolitik
75117,Seelsorge
77783,Vergiftung
77172,Luftfahrzeug
70496,Bildergeschichte
70996,Accessoire
71463,Mund und Speiseröhre
71490,Haut
73337,Wald
73373,Wetter
74272,Europapolitik
77830,Flugunfall
76615,Verkehrslärm
77307,Forschung und Entdeckung
76716,Verkehr
77331,Philologie
77375,Betriebswirtschaftslehre
77415,Mond
71959,Medientheorie
71151,Pflegedienst
71591,Aids
67448,Tabakware
68485,Siedlung
65609,Hochschule und Wirtschaft
66578,Bankenaufsicht
73417,Staat
73439,Staatsgebietsänderung
73458,Grenzkontrolle
73517,Nationalfeiertag
74397,Entwicklungshilfe
73545,Diktatur
71868,Apotheke
71880,Naturheilkunde
71205,Arzt
68542,Frauenrolle
76199,Treibstoff
65652,Auslandsstudium
65689,Weiterbildung
68633,Gleichgeschlechtliche Lebensgemeinschaft
76455,Biotechnologie
75467,Tischtennis
75560,Mehrkampf
66778,Sonderverkauf
66815,Versandhandel
67745,Fischzucht
67780,Briefzustellung
68737,Kindesentwicklung
66869,Wohnungsbau
67821,Telekommunikationsdienste
68771,Jugendschutz
68805,Jugendorganisation
65932,Betriebswirtschaft
66887,Wohnungsmarkt
76465,Lasertechnik
75659,Gesellschaftstanz
75728,Wintersport
67918,Reparaturgewerbe
67936,Produkt
67956,Verbraucher
68974,Zeitgeschichte
65999,Betriebsstandort
67060,Optisches Gerät
68843,Geschichte
70008,Bildende Kunst
75837,Technische Überwachung
69712,Amtsvergehen
70144,Informationswesen
67065,Freizeitwirtschaft
68048,Haustierhaltung
68067,Spielhalle
68950,Frühe Neuzeit
66133,Frühverrentung
66153,Unselbstständige Erwerbstätigkeit
65246,Aspekt Finanzen
66199,Arbeitskampf
70448,Roman
72987,Biorhythmus
73872,Parteistiftung
73907,Demokratiebewegung
73926,Anarchismus
73045,Artensterben
73931,Politische Rechte
73981,Öffentlicher Dienst
65303,Persönlichkeitsmerkmal
67264,Fleisch
68259,Soziale Lage der Rentner
65374,Erziehung und Bildung
66352,Gruppenspezifische Arbeitslosigkeit
67312,Backware
67349,Zuckerindustrie
71001,Schmuck
71037,Hausrat
71806,Arzneimittelsucht
70574,Kleinkunst
70592,Filmbetrieb
75253,Sportpädagogik
73096,Amphibie
74033,Polizeizweig
72286,Dualer Rundfunk
74065,Polizeiliche Maßnahme
74945,Religionsfreiheit
77635,Verstand
75284,Sport und Politik
77671,Körpersprache
77053,Fahrgastschifffahrt
77712,Katastrophe
74133,Bürger und Politik
73280,Wattenmeer
73342,Regenwald
73363,Atmosphäre
74249,Kommunalwirtschaft
77115,Schifffahrtseinrichtung
76537,Treibhauseffekt
77201,Fluggastverkehr
73410,Jahreszeit
74315,Diplomatische Vertretung
73486,Einwanderungspolitik
73506,Hauptstadt
74394,Entwicklungspolitik
72609,Programmsparte
73548,Sozialistischer Staat
76571,Landschaftsarchitektur
76607,Lärm
77216,Raumfahrt
77235,Raumfahrtsicherheit
77253,Raumstation
77880,Notruf
77275,Wissenschaft
73566,Gesetzgebung
72790,Karnevalssendung
73701,Parlamentsplenum
71990,Medienstandort
76715,Verkehrswesen
77389,Astrophysik
77442,Chemie
72827,Servicesendung
72024,Medienethik
74700,Kriegsart
72938,Medienwirklichkeit
68495,Dorf
73210,Parasitologie
69200,Patentrecht
70086,Wandmalerei
69243,Wahlrecht
72881,Rundfunkpublikum
72086,Mediensprache
69391,Sozialrecht
67374,Gewürz und Kräuter
66424,Geldwert
67472,Bekleidungsindustrie
65530,Einschulung
66511,Aktienbörse
67530,Agrarproduktion
75114,Landeskirche
73348,Feuchtgebiet
73372,Meteorologie
74968,Interreligiöse Beziehungen
72507,Rundfunktechnik
67440,Genussmittel
67468,Sportartikelindustrie
68443,Sinti und Roma
65583,Schulische Leistungsbeurteilung
67546,Saat
65677,Studentenvereinigung
69848,Gerichtsentscheidung
69897,Kulturgeschichtliche Epochen und Kunststile
69510,Gefangenenprotest
66576,Bankwesen
75297,Sportverein
76154,Fahrzeugsicherheit
73530,Faschistischer Staat
74416,Deutschlandbild im Ausland
74437,Sonderstreitkräfte
71600,Geschlechtskrankheit
70931,Sitten und Gebräuche
71392,Blutkreislauf
70517,Theater und Politik
76189,Energietechnik
75380,Wettkampfteilnehmer
75431,Fußball
76218,Atombrennstoff
74495,Militärausbildung
74538,Illegaler Waffenhandel
77589,Allgemeine Psychologie
77694,Informatik
77047,Reederei
75573,Automobilsport
69579,Landesverteidigungsdelikt
69664,Straftat Pornographie
75472,Bergsport
75548,Laufen
76445,Datenbank
72746,Wirtschaftssendung
72789,Brauchtumssendung
73712,Parlamentsfraktion
72834,Verkehrssendung
74612,Bunker
74657,Waffenstillstand
72031,Medien und Kirche
72869,Zielgruppensendung
70741,Musikaufführung
70284,Künstliche Sprache
71284,Medizinische Behandlung
75873,Werkzeugmaschine
75948,Metall
75971,Erdgasförderung
69271,Ausländerrecht
69702,Betrug
69757,Körperverletzung
69780,Justiz und Rechtspflege
70191,Sprache
77751,Tierplage
77779,Chemieunfall
76539,Ozonloch
77166,Flugsicherheit
71314,Kosmetische Chirurgie
70372,Antiquariat
65543,Unterricht
71223,Medizinischer Assistenz- und Hilfsberuf
70292,Sprechkunde
70804,Schlag- und Geräuschinstrument
70825,Gesang
70303,Literatur
70354,Lesen
70863,Musical
77291,Wissenschaftsorganisation
77321,Chaosforschung
77785,Stromschlag
76504,Umweltbewegung
77155,Flugbetrieb
70243,Dialekt
72992,Zellbiologie
73913,Antifaschismus
73947,Amt
77208,Luftfrachtverkehr
76670,Abfallvermeidung
77298,Wissenschaftspreis
71350,Organ und Organismus
71399,Atmung
71715,Hautkrankheit
70501,Literarischer Stoff
70987,Kleidungsstück
77453,Chemisches Element
66739,Finanzkontrolle
66767,Großhandel
67668,Tabakbau
65761,Markt und Wettbewerb
66826,Pfandleihe
73995,Sicherheitsmaßnahme
74864,Wallfahrt
72251,Übertragungsrecht
74058,Hilfspolizei
77368,Soziologie
65819,Wirtschaftspolitische Übereinkunft
68769,Jugendgewalt
65917,Wirtschaftskonferenz
66894,Mietverhältnis
66945,Gentechnologische Industrie
68909,Antike
67915,Auskunftei
71076,Brauchtum der Jahreszeit
71099,Bestattung
71142,Gesundheitspolitik
71743,Affektive Störung
69867,Zivilprozess
69076,Rechtspolitik
69493,Frauenstrafvollzug
69093,Bürgerliches Recht
74254,Regionalpolitik
72476,Rundfunkkooperation
74352,Verteidigungspolitik
66680,Kapitalertragsteuer
68574,Sexualleben
68618,Eheschließung
65740,Wirtschaft
68667,Eltern
65793,Wirtschaftspolitik
66789,Einzelhandelsunternehmen
66812,Markthandel
67732,Imkerei
68742,Jugend
71871,Toxikologie
70779,Musikinstrument
71228,Medizin
71252,Medizinische Forschung
70813,Mechanisches Musikinstrument
71275,Röntgendiagnostik
76865,Straßenfahrzeug
76907,Brücke
77566,Elementarteilchenphysik
77023,Magnetschwebebahn
75226,Esoterik
66094,Telefonmarketing
68044,Kinderspiel
68071,Badeeinrichtung
68952,Zeitalter der Reformation
72608,Vollprogramm
73565,Regierungssystem
73592,Regierungsbildung
73659,Regierungspolitik
74528,Rüstungsindustrie
72754,Gesundheitssendung
72782,Kultursendung
67804,Telekommunikationspolitik
67828,Verpackungsmittelindustrie
66928,Braunkohlewirtschaft
67905,Bewachungsgewerbe
68919,Römische Antike
65976,Unternehmensentwicklung
66973,Haushaltsgeräteindustrie
67946,Warentest
66020,Aktiengesellschaft
76348,Telekommunikationstechnik
75699,Kanusport
75789,Freizeitsport
75903,Mineralöl
74709,Frieden
72082,Journalistenverband
69322,Schulrecht
66237,Vermögensbildung der Arbeitnehmer
66265,Befristete Arbeit
67261,Lebensmittelhandel
68220,Lebensmittelversorgung
66317,Beruf
66344,Arbeitslosigkeit
69173,Firmenrecht
70062,Kunstmarkt
66404,Gewerkschaftsentwicklung
65484,Grundschule
65511,Auslandsschule
73803,Wähler
72913,Soziales Netzwerk im Internet
70238,Redewendung
67010,Brennstoff- und Treibstoffwirtschaft
67985,Ungewöhnliche Wette
66058,Insolvenz
66161,Schwarzarbeit
67134,Tourismus
68128,Soziale Gruppe
65237,Aspekte
72963,Biologie
73877,Parteifinanzen
73026,Mensch
73050,Ökologie
73071,Insekt
73970,Verwaltung des Teilstaats
74813,Rituelle Handlung
74024,Polizeidienst
74852,Mönchtum
71914,Ernährungsabhängige Krankheit
71719,Tod
71752,Sexuelle Störung
71771,Psychotherapie
70704,Fototechnik
70724,Musik und Politik
71850,Arzneimittel
66182,Tarifvertrag
66211,Aussperrung
68150,Mäzenatentum
66292,Arbeitsmethode
66308,Arbeitsmoral
67335,Müllerei
68309,Krankenkasse
74896,Religiöser Feiertag
73163,Vogelschutz
74093,Nachrichtendienst
69432,Abfallrecht
69476,Rehabilitation
69951,Kulturelle Veranstaltung
77090,Frachtschiff
74627,Kriegsstrategie
71994,Medienmitarbeiter
72044,Berichterstattung
72868,Magazinsendung
73811,Plebiszit
76036,Baumaßnahme
76049,Gebäudetechnik
77142,Luftfahrtbehörde
77786,Atomunfall
76510,Umweltbelastung
77193,Verkehrsflugzeug
77795,Bergunfall
77827,Schiffsunfall
76564,Landschaftspflege
69409,Wehrdienstverweigerungsrecht
69438,Strafrecht
69887,Kultur
69874,Strafprozess
69513,Internationales Recht
69930,Kultur und Politik
69948,Kulturförderung
69549,Straftat
69966,Denkmal
69129,Grundeigentumsrecht
69175,Wettbewerbsrecht
69210,Markenrecht
69680,Diebstahl
77526,Akustik
68307,Krankenversicherungsleistung
71415,Menschliche Fortpflanzung
73887,Parteiveranstaltung
74724,Religion
74745,Mythos
74774,Religiöse Autorität
73930,Politische Mitte
74789,Religionsausübung
70109,Architektur
70120,Straßenkunst
69724,Wirtschaftskriminalität
74000,Ordnungsverwaltung
69290,Datenschutz
69748,Straftat Organentnahme und Organhandel
68036,Glücksspiel
72282,Staatsrundfunk
74848,Islamische Erziehung
74880,Mystik
72233,Pressenutzung
72246,Rundfunkgesetz
72260,Landesmedienanstalt
72284,Privater Rundfunk
74954,Religionszugehörigkeit
72292,Ballungsraumrundfunk
70393,Buchedition
70421,Lyrik
75034,Kirchengemeinde
72348,Rundfunkfinanzierung
74197,Terrororganisation
65446,Vorschule
68510,Stadtplanung
75584,Autorallye
74252,Innenpolitik
72501,Rundfunkproduktion
73431,Staatsgebiet
72801,Wahlsendung
70601,Filmpublikum
68999,Nationalgeschichte
72813,Show
75622,Bahnradrennsport
75647,Schießsport
75777,Skispringen
76830,Straßenverkehrsbehörde
66668,Einkommensteuer
67630,Gemüsebau
65709,Berufliche Bildung
66735,Zollverwaltung
68635,Familie
71359,Rücken
70445,Epos
71411,Harnapparat
70994,Schuhmode
68689,Verwandtschaft
65818,Verstaatlichung
66845,Auktion
66937,Glasindustrie
68814,Alter
66950,Kunststoffindustrie
67910,Diebstahlsicherung
66045,Betriebskosten
67977,Urlaub
68350,Spende
65477,Schulform
65489,Gesamtschule
65534,Schüler
76289,Drucktechnik
77582,Biophysik
71007,Körperpflege
67496,Agrarraumordnung
68454,Bevölkerungswanderung
68468,Vertreibung
67593,Ölpflanze
68519,Gewerbegebiet
68545,Frauenunterdrückung
68558,Gleichstellungspolitik
68569,Sexualität
66136,Betriebliches Vorschlagswesen
77295,Wissenschaftliche Gesellschaft
77315,Interdisziplinäre Wissenschaft
71480,Auge
71786,Kreative Therapie
71925,Tiermedizin
65331,Persönliche Leistung
66242,Arbeitszeit
67254,Herstellung gentechnisch veränderter Lebensmittel
68225,Hungersnot
65384,Alphabetisierung
67319,Backgewerbe
75392,Wettkampfregel
75405,Sportrekord
68852,Geschichtswissenschaft
67105,Tanzlokal
68064,Spielplatz
66148,Erwerbstätigkeit
66162,Zeitarbeit
76731,Verkehrspolitik
77365,Sozialwissenschaft
76915,Verkehrsteilnehmer
76232,Atomtransport
70768,Musikwirtschaft
71230,Medizinischer Fachbereich
70286,Zeichensprache
70809,Elektronisches Musikinstrument
70821,Kammermusik
70856,Musiktheater
76755,Personenverkehr
166586,Islamisches Amt
73585,Regierung
73720,Parlamentsausschuss
66651,Steuervergünstigung
73531,Monarchie
65399,Bildungspolitik
75856,Materialwissenschaft
75876,Landwirtschaftliche Maschine
75244,Sportmedizin
76072,Wohngebäude
70678,Videofilm
70551,Theatertechnik
76952,Parken
77743,Erdrutsch
66811,Supermarkt
74334,Internationaler Vertrag
70316,Literatur und Politik
69036,Geschichte der BRD
68644,Familienstruktur
69855,Urteilsanfechtung
70026,Kunstausstellung
66411,Geld- und Kreditwesen
74500,Militärische Übung
74649,Kriegsbeginn
68391,Minderheit
71693,Neurologische Krankheit
68333,Sozialhilfe
68270,Sozialstaat und Sozialwesen
69643,Entführung
74686,Kriegsprofit
251451,Kleinfahrzeug
251450,Tag und Nacht
241473,Kollektivverhalten
270930,Indigene Völker
261949,Wirtschaft und Politik
282512,Impfen
